"Zeitstempel","Zu welcher Altersgruppe gehÃ¶rst du?","Mit welchem Geschlecht identifizierst du dich?","Wie wohnst du?","Wie hÃ¤ufig fÃ¼hlst du dich einsam?","Was denkst du, waren GrÃ¼nde fÃ¼r deine Einsamkeit?","Wie gehst Du mit Einsamkeit um?","HÃ¤ttest du gerne mehr Freund:innen?","Findest du es schwer, neue Freundschaften zu schliessen? ","Wie/Ã¼ber welche KanÃ¤le hast du in der Vergangenheit schon Freund:innen gefunden?","Hast du schon einmal bewusst einen Onlinedienst genutzt, um neue Leute kennenzulernen?","Welchen der folgenden Onlinedienste hast du dafÃ¼r genutzt?","Was hat dabei gut geklappt? Was war positiv? ","Was hat dabei nicht so gut geklappt? Was war negativ? ","KÃ¶nntest du dir vorstellen, einen Abend im Restaurant zu verbringen, an einem Tisch mit 6 anderen Personen, die dich und die anderen nicht kennen?","Aus welchen GrÃ¼nden wÃ¼rdest du das tun?","Was erwartest du persÃ¶nlich von diesem Abend?","Kannst du dir vorstellen, dass ihr euch weiterhin regelmÃ¤ssig treffen wÃ¼rdet?","Was hindert dich daran?","Bist Du damit einverstanden, dass Deine Antworten komplett anonym verÃ¶ffentlicht werden?"
"2022/04/18 12:11:04 PM OEZ","35â€“49 Jahre alt","MÃ¤nnlich","Wohngemeinschaft (mit Freund:innen, Partner:in, Bekannten...)","Nie","","","","","","","","","","Ja","Vielleicht ist jemand dabei, mit dem ich mich gut verstehe.","spannende Menschen kennenlernen ","","","Ja"
"2022/04/18 12:23:11 PM OEZ","25â€“34 Jahre alt","MÃ¤nnlich","Alleine in einer Wohnung/in einem Haus","Manchmal","Tod von gelibten, alleine Wohnen","Akzeptieren und weiter","Nein","Nein, es fÃ¤llt mir leicht neue Beziehungen zu Menschen aufzubauen","Schule;Online (Tinder, Instagram, â€¦)","Ja","Tinder","Freundlicher austausch","Seltene RÃ¼ckmeldung","Ja","Ich gehe gerne essen und so mÃ¼sste ich nicht alleine Essen.","Gute lustige Geschichten","","","Ja"
"2022/04/18 12:34:29 PM OEZ","25â€“34 Jahre alt","MÃ¤nnlich","Wohngemeinschaft (mit Freund:innen, Partner:in, Bekannten...)","Nie","","","","","","","","","","Ja","Ich finde es spannend, neue Leute kennenzulernen;Vielleicht ist jemand dabei, mit dem ich mich gut verstehe.","Spannende Leute kennenlernen und gutes essenğŸ˜„","","","Ja"
"2022/04/18 12:51:39 PM OEZ","35â€“49 Jahre alt","MÃ¤nnlich","Alleine in einer Wohnung/in einem Haus","Nie","","","","","","","","","","Ja","Ich finde es spannend, neue Leute kennenzulernen;Vielleicht ist jemand dabei, mit dem ich mich gut verstehe.","Viele Tolle GesprÃ¤che und evtl bleibende Kontakte ","","","Ja"
"2022/04/18 1:22:15 PM OEZ","25â€“34 Jahre alt","MÃ¤nnlich","Alleine in einer Wohnung/in einem Haus","Manchmal","","","Nein","Nein, es fÃ¤llt mir leicht neue Beziehungen zu Menschen aufzubauen","Schule;Private AnlÃ¤sse (Geburtstage, â€¦);Online (Tinder, Instagram, â€¦)","Ja","Bumble;Spontacts;Tinder","Spontacts hat sehr gut geklappt um mal etwas zu unternehmen. ","Tinder ist macht einem sehr schnell ein schlechtes gefÃ¼hl wenn so viele Leute nicht antworten","Ja","Ich finde es spannend, neue Leute kennenzulernen;Vielleicht ist jemand dabei, mit dem ich mich gut verstehe.","Ein spannedes Essen, neue Geschichten hÃ¶ren und wenns passt neue Freundschaft","","","Ja"
"2022/04/18 2:06:11 PM OEZ","35â€“49 Jahre alt","MÃ¤nnlich","Wohngemeinschaft (mit Freund:innen, Partner:in, Bekannten...)","Manchmal","lokfÃ¼hrer","pausenraum aufsuchen bei der arbeit","Nein","Nein, es fÃ¤llt mir leicht neue Beziehungen zu Menschen aufzubauen","Private AnlÃ¤sse (Geburtstage, â€¦)","Nein","","","","Ja","Vielleicht ist jemand dabei, mit dem ich mich gut verstehe.","abwechslung. ","","","Ja"
"2022/04/18 2:40:37 PM OEZ","25â€“34 Jahre alt","Weiblich","Wohngemeinschaft (mit Freund:innen, Partner:in, Bekannten...)","Nie","","","","","","","","","","Ja","Ich finde es spannend, neue Leute kennenzulernen;Vielleicht ist jemand dabei, mit dem ich mich gut verstehe.;Interessante Erfahrung","Mehr Ã¼ber mich selbst erfahren zu kÃ¶nnen und Ã¼ber den eigenen Schatten zu springen und auf fremde Leute zu zugehen tut immer gut.","","","Ja"
"2022/04/18 2:41:34 PM OEZ","50â€“64 Jahre alt","MÃ¤nnlich","Wohngemeinschaft (mit Freund:innen, Partner:in, Bekannten...)","Manchmal","weiss nicht","schaue Filme","Nein","Ja, ich habe schon seit mehreren Jahren keine neuen Freundschaften mehr geschlossen","Freunde von Freunden","Nein","","","","Ja","Ich finde es spannend, neue Leute kennenzulernen","interessante Diskussionen","","","Ja"
"2022/04/18 2:41:36 PM OEZ","50â€“64 Jahre alt","MÃ¤nnlich","Wohngemeinschaft (mit Freund:innen, Partner:in, Bekannten...)","Manchmal","verschiedene GrÃ¼nde, nicht genauer spezifizierbar und immer wieder andere","am COmputer arbeiten, essen","Ja","Ja, ich habe schon seit mehreren Jahren keine neuen Freundschaften mehr geschlossen","Schule;Private AnlÃ¤sse (Geburtstage, â€¦);Im Alltag (Ã–V, â€¦)","Nein","","","","Ja","Ich finde es spannend, neue Leute kennenzulernen;Vielleicht ist jemand dabei, mit dem ich mich gut verstehe.;Ich gehe gerne essen und so mÃ¼sste ich nicht alleine Essen.","unterhaltung","","","Ja"
"2022/04/18 2:41:41 PM OEZ","25â€“34 Jahre alt","Weiblich","Wohngemeinschaft (mit Freund:innen, Partner:in, Bekannten...)","Manchmal","Partner war beschÃ¤ftigter als sonst","Ich mache etwas was mir Spass macht. Kreativ sein. Sport machen. Meditieren. ","Nein","Nein, es fÃ¤llt mir leicht neue Beziehungen zu Menschen aufzubauen","Bei tutti erwas gekauft und abgeholt bei diesem Mensch. Daraus entstand eine schÃ¶ne Freundschaft","Nein","","","","Ja","Ich finde es spannend, neue Leute kennenzulernen;Vielleicht ist jemand dabei, mit dem ich mich gut verstehe.","Gute GesprÃ¤che, evt auf AugenhÃ¶he. Kann aber auch sein, dass niemand passt. ","","","Ja"
"2022/04/18 2:43:56 PM OEZ","25â€“34 Jahre alt","MÃ¤nnlich","Wohngemeinschaft (mit Freund:innen, Partner:in, Bekannten...)","Manchmal","NatÃ¼rlicher gemÃ¼tszustand von Zeit zu Zeit denke ich. Kommt sehr selten vor. Sonst gehe ich raus und treffe leute","Leute treffen, allein auf eine Party, aufrÃ¤umen, badewanne,â€¦","Ja","Nein, es fÃ¤llt mir leicht neue Beziehungen zu Menschen aufzubauen","Schule;Private AnlÃ¤sse (Geburtstage, â€¦);Online (Tinder, Instagram, â€¦);Im Alltag (Ã–V, â€¦);Verantstaltungen (Konzerte, )","Ja","Tinder;Facebook;Instagram","Leute die je nach plattform unterwegs sind sind auch auf der suche nach neuen bekanntschaften.","Oft keine antworten zum beispiel auf tinder. Habs dann schnell wieder gelÃ¶scht","Ja","Ich finde es spannend, neue Leute kennenzulernen;Vielleicht ist jemand dabei, mit dem ich mich gut verstehe.;Ich gehe gerne essen und so mÃ¼sste ich nicht alleine Essen.","Spass, gutes essen, neue bekanntschaften","","","Ja"
"2022/04/18 2:45:19 PM OEZ","25â€“34 Jahre alt","Weiblich","Wohngemeinschaft (mit Freund:innen, Partner:in, Bekannten...)","Nie","","","","","","","","","","Nein","","","","Ich habe Angst nicht reinzupassen;Ich weiss nicht, Ã¼ber was wir reden kÃ¶nnten;DafÃ¼r gebe ich kein Geld aus","Ja"
"2022/04/18 2:46:22 PM OEZ","25â€“34 Jahre alt","MÃ¤nnlich","Wohngemeinschaft (mit Freund:innen, Partner:in, Bekannten...)","Nie","","","","","","","","","","Nein","","","","Ich habe kein BedÃ¼rfnis, neue Leute kennenzulernen","Ja"
"2022/04/18 2:59:27 PM OEZ","35â€“49 Jahre alt","Weiblich","Wohngemeinschaft (mit Freund:innen, Partner:in, Bekannten...)","Nie","","","","","","","","","","Ja","Ich finde es spannend, neue Leute kennenzulernen;Vielleicht ist jemand dabei, mit dem ich mich gut verstehe.","vielleicht eine gute, spannende Unterhaltung","","","Ja"
"2022/04/18 2:59:34 PM OEZ","25â€“34 Jahre alt","Weiblich","Alleine in einer Wohnung/in einem Haus","Manchmal","Ich bin gerne in Gesellschaft, wenn man alleine wohnt kommt es vor, dass man lieber mit jemandem zusammen ist, aber zu diesem Zeitpunkt dies nicht mÃ¶glich ist","Ablenkung","Nein","Nein, es fÃ¤llt mir leicht neue Beziehungen zu Menschen aufzubauen","Private AnlÃ¤sse (Geburtstage, â€¦);Arbeit","Ja","Tinder","","Es war eine gute Ablenkung nach einer geschwiterten Beziehung","Ja","Ich finde es spannend, neue Leute kennenzulernen;Vielleicht ist jemand dabei, mit dem ich mich gut verstehe.","Spannende GesprÃ¤che","","","Ja"
"2022/04/18 3:01:19 PM OEZ","25â€“34 Jahre alt","Weiblich","Alleine in einer Wohnung/in einem Haus","Manchmal","beides, meistens aber innerlich; PMS, keine romantische Beziehung, ","Spazieren gehen, frische Luft, Musik","Nein","Nein, es fÃ¤llt mir leicht neue Beziehungen zu Menschen aufzubauen","Schule;Private AnlÃ¤sse (Geburtstage, â€¦);Vereine, Projekte ","Ja","Bumble","Manchmal spannende Unterhaltungen; ganz andere Leute bzw habe oftmals mit Leuten geschrieben, die ich entfernt gekannt habe","Smalltalk; zeitaufwendig","Ja","Ich finde es spannend, neue Leute kennenzulernen;Vielleicht ist jemand dabei, mit dem ich mich gut verstehe.","allemfalls Einblicke in andere Lebenswege","","","Ja"
"2022/04/18 3:03:03 PM OEZ","25â€“34 Jahre alt","Weiblich","Wohngemeinschaft (mit Freund:innen, Partner:in, Bekannten...)","Manchmal","Wenig Zeit fÃ¼r Freunde","Eltern anrufen","Nein","Nein, es fÃ¤llt mir leicht neue Beziehungen zu Menschen aufzubauen","Schule;Private AnlÃ¤sse (Geburtstage, â€¦);Verantstaltungen (Konzerte, )","Nein","","","","Ja","Ich finde es spannend, neue Leute kennenzulernen;Vielleicht ist jemand dabei, mit dem ich mich gut verstehe.","","","","Ja"
"2022/04/18 3:07:39 PM OEZ","25â€“34 Jahre alt","MÃ¤nnlich","Wohngemeinschaft (mit Freund:innen, Partner:in, Bekannten...)","Manchmal","sich nicht verstanden fÃ¼hlen. sich mit etwas alleine gelassen fÃ¼hlen, als ob man mit niemandem reden kann","das sozialleben aktiv ""ankurbeln"", plÃ¤ne machen, nachrichten schreiben, anrufen usw.","Ja","Ja, ich habe schon seit mehreren Jahren keine neuen Freundschaften mehr geschlossen","Schule;auf reisen","Nein","","","","Ja","Ich finde es spannend, neue Leute kennenzulernen;Vielleicht ist jemand dabei, mit dem ich mich gut verstehe.","neue & interessante bekanntschaften zu machen, etwas zu lernen, den horizont zu erweitern, die komfortzone zu verlassen","","","Ja"
"2022/04/18 3:10:07 PM OEZ","15â€“24 Jahre alt","Weiblich","Wohngemeinschaft (mit Freund:innen, Partner:in, Bekannten...)","Manchmal","Kein grosser Freundeskreis","","Ja","Ja, ich habe schon seit mehreren Jahren keine neuen Freundschaften mehr geschlossen","Schule;Private AnlÃ¤sse (Geburtstage, â€¦)","Nein","","","","Ja","Vielleicht ist jemand dabei, mit dem ich mich gut verstehe.","Dass ich mich gegenÃ¼ber Fremden besser Ã¶ffnen kann","","","Ja"
"2022/04/18 3:11:08 PM OEZ","15â€“24 Jahre alt","Weiblich","Bei meinen Eltern","Manchmal","Inzwischen sind die meisten Freunde im Freundeskreis vergeben & die Singles am Reisen. ","Mich mit Sport, Lesen, lernen, Ausgang, Tinder-Treffen, Freunde treffen etc ablenken","Nein","Nein, es fÃ¤llt mir leicht neue Beziehungen zu Menschen aufzubauen","Schule;Private AnlÃ¤sse (Geburtstage, â€¦);Online (Tinder, Instagram, â€¦);Im Alltag (Ã–V, â€¦);Arbeit","Ja","Tinder;Facebook;Instagram","- Gleichgesinnte Menschen kennenzulernen 
- Sich durch Instagram von Menschen inspirieren lassen, sie kontaktieren und sich digital auszutauschen
- Tinder Dates","- habe bisher glÃ¼cklicherweise noch keine schlechten Erfahrungen damit gemacht","Ja","Ich finde es spannend, neue Leute kennenzulernen","- Offene Menschen (ansonsten wÃ¼rden sie das Angebot nicht nutzen)
- Gleichgesinnte Menschen: WÃ¤re spannend kÃ¶nnte man im vornherein seine Interessen angeben (wenn ich mich einen Abend nur um Kinder-/Hunde-Themen unterhalten mÃ¼sste, wÃ¼rde ich das Angebot nicht mehr nutzen, da es momentan in meinem Leben nicht aktuell ist)","","","Ja"
"2022/04/18 3:16:11 PM OEZ","25â€“34 Jahre alt","Weiblich","Alleine in einer Wohnung/in einem Haus","Manchmal","Ã„nderung der privaten Situation (Studium) durch welche ich Personen, welche ich vorhin mehrmals wÃ¶chentlich sah nicht mehr sehe plus Umzug des Partners","Mit jemandem telefonieren oder AktivitÃ¤ten nachgehen (bsp Sport in einer Gruppe) ","Ja","Nein, es fÃ¤llt mir leicht neue Beziehungen zu Menschen aufzubauen","Schule;Sport","Ja","Spontacts;Tinder","Vor ca. 10 Jahren Spontacts 2,3 benutzt. Tolle Leute kennengelernt. Bei Tinder meinen Partner kennengelernt. ","Keine negativen Erfahrungen ausser dem GefÃ¼hl anfangs, dass es etwas traurig ist, dass man online Leute kennenlernt statt einfach so. ","Ja","Ich finde es spannend, neue Leute kennenzulernen;Vielleicht ist jemand dabei, mit dem ich mich gut verstehe.","Erfahrungen und Meinungen kennenzulernen zum Teil zu Themen in denen ich mich nicht auskenne oder andeter Ansicht bin. ","","","Ja"
"2022/04/18 3:27:35 PM OEZ","25â€“34 Jahre alt","Weiblich","Wohngemeinschaft (mit Freund:innen, Partner:in, Bekannten...)","Manchmal","von vielen Leuten auf keine","schlafen","Nein","Nein, es fÃ¤llt mir leicht neue Beziehungen zu Menschen aufzubauen","Schule;Private AnlÃ¤sse (Geburtstage, â€¦);Online (Tinder, Instagram, â€¦)","Ja","Tinder","ich habe meinen Freund Ã¼ber Tinder kennengelernt","jemanden von null auf kennenlernen ","Ja","Ich finde es spannend, neue Leute kennenzulernen;Vielleicht ist jemand dabei, mit dem ich mich gut verstehe.","auch mich selber neu kennenlernen","","","Ja"
"2022/04/18 3:33:50 PM OEZ","25â€“34 Jahre alt","Weiblich","Wohngemeinschaft (mit Freund:innen, Partner:in, Bekannten...)","Manchmal","Psyche war sehr instabil","HÃ¶rbÃ¼cher hÃ¶ren, Yoga, Meditation, Me-Time","Nein","Nein, es fÃ¤llt mir leicht neue Beziehungen zu Menschen aufzubauen","Schule;Private AnlÃ¤sse (Geburtstage, â€¦);Verantstaltungen (Konzerte, )","Nein","","","","Ja","Ich finde es spannend, neue Leute kennenzulernen;Vielleicht ist jemand dabei, mit dem ich mich gut verstehe.","Coole neue Menschen kennenlernen, Neues lernen, Gute Erfahrung machen","","","Ja"
"2022/04/18 3:34:16 PM OEZ","25â€“34 Jahre alt","Weiblich","Wohngemeinschaft (mit Freund:innen, Partner:in, Bekannten...)","Nie","","","","","","","","","","Ja","Ich gehe gerne essen und so mÃ¼sste ich nicht alleine Essen.","GesprÃ¤che Ã¼ber gemeinsame Interessen. Z.B. Essen/Restaurants.","","","Ja"
"2022/04/18 3:35:01 PM OEZ","25â€“34 Jahre alt","Weiblich","Wohngemeinschaft (mit Freund:innen, Partner:in, Bekannten...)","Manchmal","Corona und zu Hause mit Kleinkind
","Telwfonieren mit Freunden","Ja","Ja, aber keine Zeit dafÃ¼r","Schule;Private AnlÃ¤sse (Geburtstage, â€¦)","Nein","","","","Ja","Vielleicht ist jemand dabei, mit dem ich mich gut verstehe.","Neue Kontakte oder eine gute Zeit","","","Ja"
"2022/04/18 3:54:05 PM OEZ","25â€“34 Jahre alt","MÃ¤nnlich","Alleine in einer Wohnung/in einem Haus","Manchmal","UnregelmÃ¤ssige Schichtarbeit und Post-Corona","Musik oder Podcasts hÃ¶ren und Treffen mit Freunden planen","Nein","Nein, neue Kollege findet man relativ schnell. Wichtig ist die langjÃ¤hrigen Freundschaften zu pflegen.","Schule;Private AnlÃ¤sse (Geburtstage, â€¦);Sportverein","Ja","Bumble","Chatten mit neuen Menschen","Ghosting","Ja","Essen ist immer gut und die Situation ist fÃ¼r alle die Gleiche","Neue Erfahrung erleben","","","Ja"
"2022/04/18 3:54:39 PM OEZ","65+ Jahre alt","Divers","Alleine in einer Wohnung/in einem Haus","Nie","","","","","","","","","","Nein","","","","Ich weiss nicht, Ã¼ber was wir reden kÃ¶nnten;mir ist in solchen Situation kapital unwohl","Ja"
"2022/04/18 3:55:17 PM OEZ","50â€“64 Jahre alt","Weiblich","Alleine in einer Wohnung/in einem Haus","Manchmal","","Ich gehe raus in die Natur, zu den BÃ¤umen und zu dem See","Nein","Nein, es fÃ¤llt mir leicht neue Beziehungen zu Menschen aufzubauen","Private AnlÃ¤sse (Geburtstage, â€¦);Im Alltag (Ã–V, â€¦)","Ja","","Hmmm....das war nicht positiv. ","Es ist sehr oberflÃ¤chlich und nicht echt","Ja","Ich finde es spannend, neue Leute kennenzulernen","Unterschiedliche Geschichten aus unterschiedlichen Perspektiven in unterschiedlichen Leben.","","","Ja"
"2022/04/18 3:57:33 PM OEZ","50â€“64 Jahre alt","Weiblich","Wohngemeinschaft (mit Freund:innen, Partner:in, Bekannten...)","Manchmal","Einsamkeit ist das einzige, das uns alle verbindet. Manchmal ist sie plÃ¶tzlich da. Egal wie gut es mir gerade geht. Wie unerwarteter Besuch. ","Ihr einen Moment den Raum geben und dann raus in den Wald, atmen und meinen Reichtum spÃ¼ren. Heute geht das viel leichter als noch vor Jahren","Nein","Nein, es fÃ¤llt mir leicht neue Beziehungen zu Menschen aufzubauen","Private AnlÃ¤sse (Geburtstage, â€¦);Seminare, Familie ","Nein","","","","Ja","Ich finde es spannend, neue Leute kennenzulernen","Unbeschwerte Begegnung auf Ã¼berraschende Art. Ich wÃ¼rde allenfalls ein Thema dazu wÃ¤hlen","","","Ja"
"2022/04/18 3:57:46 PM OEZ","15â€“24 Jahre alt","Weiblich","Bei meinen Eltern","Manchmal","Erfahrungen wie selbstsÃ¼chtig Menschen sind","Es in schÃ¶ne Allein-Zeit umwandeln.","Nein","Es fÃ¤llt schwer neue tiefe Freundschaften zu schlieÃŸen.","Schule;Online (Tinder, Instagram, â€¦)","Ja","Instagram;Lovoo","Einfache Ehrlichkeit","Sexismus","Ja","Ich finde es spannend, neue Leute kennenzulernen","Erweiterung der verschiedenen Horizonte","","","Ja"
"2022/04/18 4:03:08 PM OEZ","15â€“24 Jahre alt","MÃ¤nnlich","Bei meinen Eltern","HÃ¤ufig","WeiÃŸ ich nicht","Mit Freunden Zocken oder treffen","Nein","Ja, weil ich die meisten Menschen nicht mag","Schule;Private AnlÃ¤sse (Geburtstage, â€¦)","Ja","Bumble;Tinder","Nichts","Das stÃ¤ndige schreiben und keinen direkten Kontakt, also kein miteinander telefonieren oder treffen.","Nein","","","","Kein Lust mich mit Menschen auseinander zu setzen, auf die ich keine Lust haben kÃ¶nnte, erstmal rantasten und nicht sofort mit denen essen.","Ja"
"2022/04/18 4:06:37 PM OEZ","50â€“64 Jahre alt","Weiblich","Wohngemeinschaft (mit Freund:innen, Partner:in, Bekannten...)","Manchmal","War nicht mit mir selbst und dem grossen Ganzen in BerÃ¼hrung","Im besten Fall beginne ich tief zu stmen und mefiriere, im schlechtesten Fall werde ich hektisch und verliere mich im Tun","Nein","Nein, es fÃ¤llt mir leicht neue Beziehungen zu Menschen aufzubauen","Schule;Private AnlÃ¤sse (Geburtstage, â€¦);Verantstaltungen (Konzerte, )","Nein","","","","Ja","Ich finde es spannend, neue Leute kennenzulernen","Einen interessanten Austausch","","","Ja"
"2022/04/18 4:15:55 PM OEZ","25â€“34 Jahre alt","Weiblich","Wohngemeinschaft (mit Freund:innen, Partner:in, Bekannten...)","Manchmal","Bei mir ist es eher eine emotionale Einsamkeit; wenn ich das GefÃ¼hl habe, dass mich niemand versteht. ","Ablenkung, wie z.B. Sport. ","Nein","Nein, es fÃ¤llt mir leicht neue Beziehungen zu Menschen aufzubauen","Schule;Private AnlÃ¤sse (Geburtstage, â€¦);Verantstaltungen (Konzerte, )","Nein","","","","Ja","Aus aktivistischen GrÃ¼nden oder so. Sonst finde ich es eher unbehaglich, mit Menschen zu essen, wenn ich sie nicht wirklich kenne. ","Gute Diskussionen â€“Â vielleicht bringt mich ja der eine oder andere Input weiter oder erweitert meinen Horizont. ","","","Ja"
"2022/04/18 4:15:57 PM OEZ","25â€“34 Jahre alt","Weiblich","Wohngemeinschaft (mit Freund:innen, Partner:in, Bekannten...)","Manchmal","Manchmal habe ich GefÃ¼hle und Energien in mir die ich selber nicht richtig verstehe und wenn ich dann mit niemandem reden kann oder auch nicht will, fÃ¼hle ich mich manchmal einsam. ","In die Natur gehen, mich bewegen das gilft immer","Nein","Nein, es fÃ¤llt mir leicht neue Beziehungen zu Menschen aufzubauen","Schule;Private AnlÃ¤sse (Geburtstage, â€¦);Online (Tinder, Instagram, â€¦);Im Alltag (Ã–V, â€¦);Verantstaltungen (Konzerte, );Arbeit, Sport","Ja","Bumble;Tinder;Facebook;Instagram","Menschen treffen mit denen man etwas tolles unternehmen kann","Es waren meistens nur sehr kurze, intensive Begegnungen, die zu nichts Tieferem gefÃ¼hrt haben","Ja","Ich finde es spannend, neue Leute kennenzulernen;Vielleicht ist jemand dabei, mit dem ich mich gut verstehe.","Interessante GesprÃ¤che, Gedanken austauschen, spannende Menschen kennenlernen","","","Ja"
"2022/04/18 4:25:32 PM OEZ","25â€“34 Jahre alt","Weiblich","Alleine in einer Wohnung/in einem Haus","HÃ¤ufig","Trennung vom Partner","Freunde treffen, telefonieren, chatten","Nein","Ja, ich habe schon seit mehreren Jahren keine neuen Freundschaften mehr geschlossen","Schule;Arbeit","Ja","Tinder;Instagram","Neue Beziehung","Viele Kontakte bleiben nur kurz und man investiert viel Zeit","Ja","Ich finde es spannend, neue Leute kennenzulernen;Vielleicht ist jemand dabei, mit dem ich mich gut verstehe.;Ich gehe gerne essen und so mÃ¼sste ich nicht alleine Essen.","Ein paar gute Stunden und eventuell neue Kontakte/Freunde","","","Ja"
"2022/04/18 4:28:59 PM OEZ","25â€“34 Jahre alt","MÃ¤nnlich","Wohngemeinschaft (mit Freund:innen, Partner:in, Bekannten...)","Manchmal","wenn man sich austauschen will aber niemand da ist","BeschÃ¤ftigung und Reflektion","Nein","Ja, ich habe schon seit mehreren Jahren keine neuen Freundschaften mehr geschlossen","Schule;Private AnlÃ¤sse (Geburtstage, â€¦)","Nein","","","","Nein","","","","Ich habe kein BedÃ¼rfnis, neue Leute kennenzulernen;wenns inder Gruppe nicht passt wirds komisch","Ja"
"2022/04/18 4:36:46 PM OEZ","50â€“64 Jahre alt","MÃ¤nnlich","Alleine in einer Wohnung/in einem Haus","Manchmal","Wenn man Ã„lter wird dann wÃ¤r es schÃ¶n mit einem Partner alt zu werden","Ich hab viele Hobbys und viele gute Freunde","","Es ist im Alter wo jeder deinen Rucksack trÃ¤gt den passennden Partner zu finden","Online (Tinder, Instagram, â€¦);Im Alltag (Ã–V, â€¦)","Ja","Tinder;Facebook;Parship","Man lern schnell Jemanden kennen","Naja wir haben in unserem Alter halt Eigenschaften und das es passt ist nicht einfach","Ja","Vielleicht ist jemand dabei, mit dem ich mich gut verstehe.","Nichts eigentlich, nur evtl gute Leute kennenzulernen","","","Ja"
"2022/04/18 4:39:50 PM OEZ","25â€“34 Jahre alt","MÃ¤nnlich","Alleine in einer Wohnung/in einem Haus","Nie","","","","","","","","","","Nein","","","","Ich habe kein BedÃ¼rfnis, neue Leute kennenzulernen","Ja"
"2022/04/18 4:40:43 PM OEZ","25â€“34 Jahre alt","Weiblich","Wohngemeinschaft (mit Freund:innen, Partner:in, Bekannten...)","Manchmal","Oma gestorben, Trennung vom Freund","Manchmal ist es gut alleine zu sein, ansonsten mit Freunden etwas unternehmen","Nein","Nein, es fÃ¤llt mir leicht neue Beziehungen zu Menschen aufzubauen","Schule;Private AnlÃ¤sse (Geburtstage, â€¦);Online (Tinder, Instagram, â€¦)","Ja","Bumble;Tinder","Nette Bekanntschaften ","Viele Idioten","Ja","Ich finde es spannend, neue Leute kennenzulernen;Vielleicht ist jemand dabei, mit dem ich mich gut verstehe.","Gute GesprÃ¤che und Austausch ","","","Ja"
"2022/04/18 5:03:51 PM OEZ","50â€“64 Jahre alt","MÃ¤nnlich","Alleine in einer Wohnung/in einem Haus","Nie","","","","","","","","","","Ja","Ich finde es spannend, neue Leute kennenzulernen","Einen spannenden Austausch mit anderen offenen Menschen","","","Ja"
"2022/04/18 5:09:43 PM OEZ","50â€“64 Jahre alt","Weiblich","Alleine in einer Wohnung/in einem Haus","Nie","","","","","","","","","","Ja","Ich finde es spannend, neue Leute kennenzulernen;Ich gehe gerne essen und so mÃ¼sste ich nicht alleine Essen.","Gutes Essen und spannende GesprÃ¤che mit spannenden Leuten","","","Ja"
"2022/04/18 5:11:34 PM OEZ","15â€“24 Jahre alt","Weiblich","Alleine in einer Wohnung/in einem Haus","Nie","","","","","","","","","","Ja","Ich finde es spannend, neue Leute kennenzulernen;Vielleicht ist jemand dabei, mit dem ich mich gut verstehe.;Ich gehe gerne essen und so mÃ¼sste ich nicht alleine Essen.","Spass","","","Ja"
"2022/04/18 5:17:59 PM OEZ","25â€“34 Jahre alt","Weiblich","Alleine in einer Wohnung/in einem Haus","Manchmal","Ausziehen aus dem Elternhaus, Trennung vom Partner","Ablenken, Schlafen","Nein","Nein, es fÃ¤llt mir leicht neue Beziehungen zu Menschen aufzubauen","Schule;Private AnlÃ¤sse (Geburtstage, â€¦);Verantstaltungen (Konzerte, )","Ja","Tinder;Instagram","hat nicht so gut geklappt da ich eher introvertiert bin","Nicht meine Art von Menschen gefunden","Ja","Vielleicht ist jemand dabei, mit dem ich mich gut verstehe.","Interessante bekanntschaften","","","Ja"
"2022/04/18 5:31:16 PM OEZ","25â€“34 Jahre alt","Weiblich","Wohngemeinschaft (mit Freund:innen, Partner:in, Bekannten...)","Manchmal","Zyklusbedingt","Tanzen / lesen / verabreden / Einsamkeit bewusst geniessen","Nein","Nein, es fÃ¤llt mir leicht neue Beziehungen zu Menschen aufzubauen","Schule;Private AnlÃ¤sse (Geburtstage, â€¦);Online (Tinder, Instagram, â€¦);Im Alltag (Ã–V, â€¦);Arbeit","Ja","Tinder","Ja","Sehr Zeitintensiv","Ja","Ich finde es spannend, neue Leute kennenzulernen","Kommt darauf an, interessante GesprÃ¤che / neue DenkanstÃ¶ÃŸe/ feines Essen ","","","Ja"
"2022/04/18 5:31:42 PM OEZ","50â€“64 Jahre alt","Weiblich","Alleine in einer Wohnung/in einem Haus","Nie","","","","","","","","","","Ja","Vielleicht ist jemand dabei, mit dem ich mich gut verstehe.","Ã¼berrascht zu werden","","","Ja"
"2022/04/18 5:57:13 PM OEZ","35â€“49 Jahre alt","Weiblich","Wohngemeinschaft (mit Freund:innen, Partner:in, Bekannten...)","Manchmal","Meine private Umgebung","Ich hÃ¶re Musik oder gehe laufen ","Nein","Nein, es fÃ¤llt mir leicht neue Beziehungen zu Menschen aufzubauen","Private AnlÃ¤sse (Geburtstage, â€¦)","Nein","","","","Ja","Ich finde es spannend, neue Leute kennenzulernen","Einen lustigen Abend ","","","Ja"
"2022/04/18 6:00:10 PM OEZ","25â€“34 Jahre alt","MÃ¤nnlich","Wohngemeinschaft (mit Freund:innen, Partner:in, Bekannten...)","Nie","","","","","","","","","","Ja","Vielleicht ist jemand dabei, mit dem ich mich gut verstehe.","Neue interessante Personen kennenlernen","","","Ja"
"2022/04/18 6:50:38 PM OEZ","25â€“34 Jahre alt","Weiblich","Wohngemeinschaft (mit Freund:innen, Partner:in, Bekannten...)","Manchmal","Sich wirklich verstanden fÃ¼hlen","Zeit mit Tieren verbringen, lange SpatziergÃ¤nge, das schÃ¶ne daran sehen, Treffen mit guten Freunden initiieren","Nein","Nein, es fÃ¤llt mir leicht neue Beziehungen zu Menschen aufzubauen","Schule;Private AnlÃ¤sse (Geburtstage, â€¦)","Nein","","","","Ja","Ich finde es spannend, neue Leute kennenzulernen;Vielleicht ist jemand dabei, mit dem ich mich gut verstehe.;mal aus der eigenen ""Freundes- Bubble"" ausbrechen","Neue Inputs","","","Ja"
"2022/04/18 6:52:50 PM OEZ","25â€“34 Jahre alt","MÃ¤nnlich","Wohngemeinschaft (mit Freund:innen, Partner:in, Bekannten...)","Nie","","","","","","","","","","Ja","Ich finde es spannend, neue Leute kennenzulernen","Spannender, lustiger Abend","","","Ja"
"2022/04/18 7:18:45 PM OEZ","25â€“34 Jahre alt","Weiblich","Wohngemeinschaft (mit Freund:innen, Partner:in, Bekannten...)","Manchmal","private UmstÃ¤nde, Liebeskummer, UmzÃ¼ge","aushalten und reflektieren und wenn das zu anstrengend ist, ablenken","Nein","Nein, es fÃ¤llt mir leicht neue Beziehungen zu Menschen aufzubauen","Schule;Private AnlÃ¤sse (Geburtstage, â€¦);Verantstaltungen (Konzerte, )","Ja","Bumble","Reaktionen, alle suchen das gleiche","ging nicht in die tiefe, zu unterschiedlich, oberflÃ¤chlich","Ja","Ich finde es spannend, neue Leute kennenzulernen;Vielleicht ist jemand dabei, mit dem ich mich gut verstehe.","spannende Menschen und Geschichten","","","Ja"
"2022/04/18 7:31:31 PM OEZ","50â€“64 Jahre alt","Weiblich","Alleine in einer Wohnung/in einem Haus","Nie","","","","","","","","","","Ja","Ich finde es spannend, neue Leute kennenzulernen;Vielleicht ist jemand dabei, mit dem ich mich gut verstehe.;Ich gehe gerne essen und so mÃ¼sste ich nicht alleine Essen.","Ich wÃ¼rde ohne Erwartungen und offen fÃ¼r neues hingehen","","","Ja"
"2022/04/18 7:55:45 PM OEZ","15â€“24 Jahre alt","Weiblich","Bei meinen Eltern","Nie","","","","","","","","","","Ja","Vielleicht ist jemand dabei, mit dem ich mich gut verstehe.","Dass man einen schÃ¶nen Abend miteinander verbringt und neue Leute kennenlernt ","","","Ja"
"2022/04/18 9:03:17 PM OEZ","25â€“34 Jahre alt","Weiblich","Alleine in einer Wohnung/in einem Haus","Manchmal","Zog mich zurÃ¼ck da ich zuerst Zeit fÃ¼r mich wollte..Dann war die Erwartung da, dass sich dann die Leute bei mir melden.. ","Ablenken Social Media","Nein","Nein, es fÃ¤llt mir leicht neue Beziehungen zu Menschen aufzubauen","Schule;Im Alltag (Ã–V, â€¦)","Nein","","","","Ja","Vielleicht ist jemand dabei, mit dem ich mich gut verstehe.;Ich gehe gerne essen und so mÃ¼sste ich nicht alleine Essen.","Gute GesprÃ¤che, evtl neue Bekanntschaften machen, Ablenkung Alltag","","","Ja"
"2022/04/18 9:20:38 PM OEZ","25â€“34 Jahre alt","Weiblich","Alleine in einer Wohnung/in einem Haus","Manchmal","Stress, MissverstÃ¤ndnisse, Distanz (In geistiger als auch Ã¶rtlicher Hinsicht)","Immer etwas zu hÃ¶ren (Musik etc) & Sport","Nein","Nein aber die richtig guten Freunde lernt man auch nicht so schnellschnell kennen, die ergeben sich in Kriesenzeiten oder so","Schule;Verantstaltungen (Konzerte, );Bei der Arbeit","Ja","Tinder;Facebook;Instagram","Unvoreingenommene Personen kennenzulernen ","Teils komische Gestalten","Ja","Ich finde es spannend, neue Leute kennenzulernen;Vielleicht ist jemand dabei, mit dem ich mich gut verstehe.","Lustige GesprÃ¤che, neue Ansichten","","","Ja"
"2022/04/18 9:26:03 PM OEZ","25â€“34 Jahre alt","Weiblich","Wohngemeinschaft (mit Freund:innen, Partner:in, Bekannten...)","Nie","","","","","","","","","","Nein","","","","Ich weiss nicht, Ã¼ber was wir reden kÃ¶nnten","Ja"
"2022/04/18 10:53:48 PM OEZ","35â€“49 Jahre alt","MÃ¤nnlich","Alleine in einer Wohnung/in einem Haus","Manchmal","","Freunde & Familie, Sport, Ablenkung","Nein","Nein, es fÃ¤llt mir leicht neue Beziehungen zu Menschen aufzubauen","Schule;Private AnlÃ¤sse (Geburtstage, â€¦);Online (Tinder, Instagram, â€¦)","Ja","Tinder;Instagram","Kontakt aufnehmen mit neuen Leuten ist einfach, es kann auch schnell zu ersten Treffen kommen.","Gemeinsamkeiten finden ist nicht immer einfach, und oft sind solche Treffen mehr Sex Dates als was anderes.","Ja","Ich finde es spannend, neue Leute kennenzulernen;Vielleicht ist jemand dabei, mit dem ich mich gut verstehe.;Ich gehe gerne essen und so mÃ¼sste ich nicht alleine Essen.","Coole neue Bekanntschaften, gute Stimmung und gutes Essen","","","Ja"
"2022/04/18 11:06:19 PM OEZ","25â€“34 Jahre alt","Weiblich","Wohngemeinschaft (mit Freund:innen, Partner:in, Bekannten...)","Manchmal","fehlende Selbstliebe ","sich selber zeigen, was und wen man alles in seinem Leben hat und dass man eigentlich gar nicht einsam ist ","Nein","Nein, es fÃ¤llt mir leicht neue Beziehungen zu Menschen aufzubauen","Schule;Private AnlÃ¤sse (Geburtstage, â€¦)","Ja","Tinder","man vereinbart schnell neue Treffen, kommt schnell ins GesprÃ¤ch","Es ergaben sich keine Langzeit-Bekanntschaften, Beziehungen oder Freundschaften; eher oberflÃ¤chlich","Ja","Ich finde es spannend, neue Leute kennenzulernen;bei einem Event zu einem bestimmten Thema","Austausch, neue Kontakte ","","","Ja"
"2022/04/19 3:45:54 AM OEZ","25â€“34 Jahre alt","Weiblich","Wohngemeinschaft (mit Freund:innen, Partner:in, Bekannten...)","Manchmal","Mein Freund ist oft am abend am Arbeiten.","Selbstreflektion vom Tag und was feines Essen","Ja","Ich lerne immer wieder neue Menschen kennen, verliere aber oft den Kontakt zu ihnen","Schule;Private AnlÃ¤sse (Geburtstage, â€¦)","Nein","","","","Ja","Vielleicht ist jemand dabei, mit dem ich mich gut verstehe.","Vielleicht neue gute Freunde finden","","","Ja"
"2022/04/19 6:48:44 AM OEZ","25â€“34 Jahre alt","MÃ¤nnlich","Alleine in einer Wohnung/in einem Haus","Nie","","","","","","","","","","Ja","Ich finde es spannend, neue Leute kennenzulernen","Neue Ansichten & interessante GesprÃ¤che ","","","Ja"
"2022/04/19 7:39:11 AM OEZ","15â€“24 Jahre alt","Weiblich","Bei meinen Eltern","Manchmal","Das GefÃ¼hl nicht verstanden zu sein und auch nicht akzeptiert ","Ich habe gelernt meine eigenen Freundin zu sein ","Ja","Ja, ich habe schon seit mehreren Jahren keine neuen Freundschaften mehr geschlossen","Schule;Private AnlÃ¤sse (Geburtstage, â€¦);Online (Tinder, Instagram, â€¦)","Ja","Tinder","-","Es war alg. Nicht fÃ¼r mich","Ja","Ich finde es spannend, neue Leute kennenzulernen","Nichts, Erwartungen fÃ¼hren nur zu EnttÃ¤uschungen","","","Ja"
"2022/04/19 7:56:54 AM OEZ","50â€“64 Jahre alt","Weiblich","Wohngemeinschaft (mit Freund:innen, Partner:in, Bekannten...)","Manchmal","Mein Partner und ich haben oft nicht die gleiche Interesse. Meine BedÃ¼rfnisse werden nicht abgedeckt. Es fÃ¼hlt sich manchmal nach Einsamkeit an. ","Ablenkung. Mit Freunde abmachen. Oder bewusst Sachen alleine machen und das beste aus der Situation machen. ","Nein","Nein, es fÃ¤llt mir leicht neue Beziehungen zu Menschen aufzubauen","Private AnlÃ¤sse (Geburtstage, â€¦);Bei der Arbeit","Nein","","","","Ja","Ich finde es spannend, neue Leute kennenzulernen","Neue Kontakten, interessante GesprÃ¤che, ein schÃ¶ne Abend ","","","Ja"
"2022/04/19 10:34:46 AM OEZ","15â€“24 Jahre alt","Weiblich","Bei meinen Eltern","Nie","","","","","","","","","","Ja","Vielleicht ist jemand dabei, mit dem ich mich gut verstehe.","Gute GesprÃ¤che, keine peinliche Stille :D","","","Ja"
"2022/04/19 10:40:42 AM OEZ","15â€“24 Jahre alt","Weiblich","Wohngemeinschaft (mit Freund:innen, Partner:in, Bekannten...)","Nie","","","","","","","","","","Ja","Ich finde es spannend, neue Leute kennenzulernen","Guter Austausch. Ev. entstehen neue Freundschaften. ","","","Ja"
"2022/04/19 10:41:46 AM OEZ","25â€“34 Jahre alt","Weiblich","Alleine in einer Wohnung/in einem Haus","HÃ¤ufig","","Zeit mit Freunden/Familie verbringen (real oder digital), Meditation, â€¦","Nein","Nein, es fÃ¤llt mir leicht neue Beziehungen zu Menschen aufzubauen","Schule;Private AnlÃ¤sse (Geburtstage, â€¦);Verantstaltungen (Konzerte, )","Ja","Bumble;Tinder","War mehrheitlich positiv, aber keine bleibenden Kontakte","War eher oberflÃ¤chlich.","Ja","Ich finde es spannend, neue Leute kennenzulernen;Vielleicht ist jemand dabei, mit dem ich mich gut verstehe.","Nette GesprÃ¤che, egal ob oberflÃ¤chlich oder tiefgrÃ¼ndig","","","Ja"
"2022/04/19 10:43:52 AM OEZ","15â€“24 Jahre alt","Weiblich","Bei meinen Eltern","Manchmal","Ã„nderungen, Stress","DarÃ¼ber sprechen oder Ablenken","Nein","Nein, es fÃ¤llt mir leicht neue Beziehungen zu Menschen aufzubauen","Schule;Private AnlÃ¤sse (Geburtstage, â€¦);Online (Tinder, Instagram, â€¦)","Nein","","","","Ja","Vielleicht ist jemand dabei, mit dem ich mich gut verstehe.","","","","Ja"
"2022/04/19 10:44:27 AM OEZ","15â€“24 Jahre alt","Weiblich","Bei meinen Eltern","Manchmal","Nicht verstanden gefÃ¼hlt, kein RÃ¼ckzugsort, Herzschmerz, Psyche","Natur, Schlaf, Freunde treffen","Nein","Nein, es fÃ¤llt mir leicht neue Beziehungen zu Menschen aufzubauen","Schule;Private AnlÃ¤sse (Geburtstage, â€¦);Im Alltag (Ã–V, â€¦);Verantstaltungen (Konzerte, )","Nein","","","","Ja","Ich finde es spannend, neue Leute kennenzulernen","","","","Ja"
"2022/04/19 10:58:01 AM OEZ","15â€“24 Jahre alt","Weiblich","Bei meinen Eltern","Manchmal","Lange nicht unter Freunde gewesen","Mich selbst zu beschÃ¤ftigen, ins Gym gehen oder kreativ sein, Musik hÃ¶hren, aber auch oft einfach mal eine gute Serie bei Netflix einschalten","Nein","Nein, es fÃ¤llt mir leicht neue Beziehungen zu Menschen aufzubauen","Schule;Private AnlÃ¤sse (Geburtstage, â€¦);Online (Tinder, Instagram, â€¦)","Ja","Tinder;Instagram","Das kennenlernen bevor man sich mal in der realen Welt trifft, so konnte man schon vorher aussortieren ","Man hat auch komische Leute kennengelernt und auch sehr viel creeps, fake Profile","Ja","Vielleicht ist jemand dabei, mit dem ich mich gut verstehe.","Personen kennenzulernen die  vielleicht noch gute Freunde werden kÃ¶nnten","","","Ja"
"2022/04/19 11:05:48 AM OEZ","15â€“24 Jahre alt","Weiblich","Alleine in einer Wohnung/in einem Haus","Manchmal","Neu in der Gegend und noch keine sozialen Kontakte","So viel wie mÃ¶glich unternehmen","Nein","Nein, es fÃ¤llt mir leicht neue Beziehungen zu Menschen aufzubauen","Schule;Private AnlÃ¤sse (Geburtstage, â€¦);Im Alltag (Ã–V, â€¦)","Ja","Tinder","Habe nette leute kennengelernt, mit den ich auch immer noch in Kontakt bin","Die Verbingung ist nicht so gut wie wenn man Leute persÃ¶nlich kennenlernt und sich da gut versteht","Ja","Ich finde es spannend, neue Leute kennenzulernen","Ich denke er wÃ¤re zu beginn etwas komisch aber er kÃ¶nnte recht lustig werden sofern alle offen dafÃ¼r sind","","","Ja"
"2022/04/19 12:01:19 PM OEZ","15â€“24 Jahre alt","Weiblich","Bei meinen Eltern","Nie","","","","","","","","","","Ja","Vielleicht ist jemand dabei, mit dem ich mich gut verstehe.","einen schÃ¶nen, spannenden Abend verbringen.","","","Ja"
"2022/04/19 12:31:48 PM OEZ","15â€“24 Jahre alt","Weiblich","Bei meinen Eltern","Manchmal","Freunde lange nicht gesehen","Lesen","Nein","Nein, es fÃ¤llt mir leicht neue Beziehungen zu Menschen aufzubauen","Schule;Private AnlÃ¤sse (Geburtstage, â€¦);Verantstaltungen (Konzerte, )","Nein","","","","Ja","Ich finde es spannend, neue Leute kennenzulernen;Vielleicht ist jemand dabei, mit dem ich mich gut verstehe.","neue leute kennenlernen","","","Ja"
"2022/04/19 12:41:51 PM OEZ","25â€“34 Jahre alt","Weiblich","Wohngemeinschaft (mit Freund:innen, Partner:in, Bekannten...)","Manchmal","Wiederkehrendes GefÃ¼hl, welches in vielen FÃ¤llen gar nicht wirklich erklÃ¤rbar ist. ","Menschen treffen, Zeit mit Freunden und Familie verbringen. ","Nein","Nein, es fÃ¤llt mir leicht neue Beziehungen zu Menschen aufzubauen","Schule;Arbeit, Reisen","Ja","HER","Ãœber solche Platformen ist es leichter, Menschen mit gleichen Interessen zu finden. ","Die unpersÃ¶nlichkeit dieser Apps. ","Ja","Ich finde es spannend, neue Leute kennenzulernen;Vielleicht ist jemand dabei, mit dem ich mich gut verstehe.;Ich gehe gerne essen und so mÃ¼sste ich nicht alleine Essen.","Spannende GesprÃ¤che zu fÃ¼hren, neue Meinungen und Lebenseinstellungen kennenzulernen, vielleicht neue Bekanntschaften schliessen. ","","","Ja"
"2022/04/19 12:49:02 PM OEZ","25â€“34 Jahre alt","MÃ¤nnlich","Wohngemeinschaft (mit Freund:innen, Partner:in, Bekannten...)","Nie","","","","","","","","","","Nein","","","","Ich stelle mir das nicht spannend vor, ausser es entstÃ¼nde spontan","Ja"
"2022/04/19 1:09:40 PM OEZ","15â€“24 Jahre alt","Weiblich","Bei meinen Eltern","Manchmal","","","Ja","Nein, es fÃ¤llt mir leicht neue Beziehungen zu Menschen aufzubauen","Schule;Private AnlÃ¤sse (Geburtstage, â€¦);Online (Tinder, Instagram, â€¦)","Ja","Bumble;Tinder","Habe meinen Freund kennengelernt ","","Ja","Ich finde es spannend, neue Leute kennenzulernen","die andere kennenlernen ","","","Ja"
"2022/04/19 1:15:49 PM OEZ","25â€“34 Jahre alt","Weiblich","Wohngemeinschaft (mit Freund:innen, Partner:in, Bekannten...)","Manchmal","Aktuelle gerade keine Stelle, geniesse die Zeit zwar sehr.. Aber muss lernen Dinge alleine zu unternehmen. ","Programm, Routinen, Projekte, Zeiten wo andere auch Zeit haben planen. ","Nein","Nein, es fÃ¤llt mir leicht neue Beziehungen zu Menschen aufzubauen","Schule;Private AnlÃ¤sse (Geburtstage, â€¦);Online (Tinder, Instagram, â€¦)","Ja","Tinder","Ich habe unerhofft meinen jetzigen Freund kennengelernt. ","Nichts. ","Ja","Ich finde es spannend, neue Leute kennenzulernen;Mega tolli Idee!!! ","Interessante GesprÃ¤che, Gutes Essen und Trinken viel zu Lachen. ","","","Ja"
"2022/04/19 2:16:24 PM OEZ","25â€“34 Jahre alt","MÃ¤nnlich","Wohngemeinschaft (mit Freund:innen, Partner:in, Bekannten...)","Nie","","","","","","","","","","Ja","Ich finde es spannend, neue Leute kennenzulernen;Vielleicht ist jemand dabei, mit dem ich mich gut verstehe.;Ich gehe gerne essen und so mÃ¼sste ich nicht alleine Essen.","","","","Ja"
"2022/04/19 3:28:51 PM OEZ","35â€“49 Jahre alt","MÃ¤nnlich","Alleine in einer Wohnung/in einem Haus","Manchmal","Stress mit Menschen, social anxiety, ","Ich spÃ¼re das GefÃ¼hl und gehe durch es hindurch bis es sich auflÃ¶st. Dann mache ich etwas schÃ¶nes. ","Nein","Ja, ich habe schon seit mehreren Jahren keine neuen Freundschaften mehr geschlossen","Im Alltag (Ã–V, â€¦)","Ja","Spontacts;Tinder","Nichts! 


Nein das ist nichts fÃ¼r mich da, da ich keine Lust habe stundenlang mir zu Ã¼berlegen wie ich mich am wirksamsten selbst prÃ¤sentiere und moderate Ã¼bertreibe um Leute davon zu Ã¼berzeugen dass ich interessant sein kÃ¶nnte.

Und dann wenn sie auftauchen und man sich trifft etwas anderes auftaucht als man im Text kennengelernt hat 

Ich rede lieber direkt mit menschen. ","Siehe oben ","Ja","Ich finde es spannend, neue Leute kennenzulernen","","","","Ja"
"2022/04/19 3:37:22 PM OEZ","15â€“24 Jahre alt","Weiblich","Bei meinen Eltern","Manchmal","Psychische verunsicherheiten ","Sport","Ja","Nein, es fÃ¤llt mir leicht neue Beziehungen zu Menschen aufzubauen","Schule;Private AnlÃ¤sse (Geburtstage, â€¦);Im Alltag (Ã–V, â€¦);Fitness ","Nein","","","","Ja","Ich finde es spannend, neue Leute kennenzulernen;Vielleicht ist jemand dabei, mit dem ich mich gut verstehe.","Unterhaltsame spannende GesprÃ¤che ","","","Ja"
"2022/04/19 5:18:16 PM OEZ","25â€“34 Jahre alt","Weiblich","Alleine in einer Wohnung/in einem Haus","Manchmal","psychische InstabilitÃ¤t, Unwohlsein mit sich selbst","Akzeptanz und darÃ¼ber sprechen, sich austauschen, Freunde treffen","Nein","Nein, es fÃ¤llt mir leicht neue Beziehungen zu Menschen aufzubauen","Schule;Private AnlÃ¤sse (Geburtstage, â€¦);Arbeit","Ja","Bumble;Tinder","Positive, sowie negative Begegnungen waren dabei aber keine Freundschaften haben sich daraus entwickelt","Unverbindlichkeit ist mÃ¼hsam, cancel-culture","Ja","Ich finde es spannend, neue Leute kennenzulernen;Vielleicht ist jemand dabei, mit dem ich mich gut verstehe.;Ich gehe gerne essen und so mÃ¼sste ich nicht alleine Essen.","Einen schÃ¶nen, gemÃ¼tlichen Abend","","","Ja"
"2022/04/19 7:19:41 PM OEZ","25â€“34 Jahre alt","Weiblich","Alleine in einer Wohnung/in einem Haus","Manchmal","Introvertiertheit","Ich mache etwas, was mir Spass macht und / oder mir gut tut","Nein","Ja, ich habe schon seit mehreren Jahren keine neuen Freundschaften mehr geschlossen","Schule;Private AnlÃ¤sse (Geburtstage, â€¦);Ãœber kollegen","Nein","","","","Ja","Ich finde es spannend, neue Leute kennenzulernen;Vielleicht ist jemand dabei, mit dem ich mich gut verstehe.","Lustiger Abend und neue Leute kennenzulernen","","","Ja"
"2022/04/19 8:36:01 PM OEZ","25â€“34 Jahre alt","Weiblich","Wohngemeinschaft (mit Freund:innen, Partner:in, Bekannten...)","Manchmal","schlechtere psychische Gesundheit, Trennung vom Freund, viel Stress im Studium","Sich selbst mit tollen Dingen beschÃ¤ftigen (Kochen, Lesen, Serie/Film gucken), Freund:innen schreiben/anrufen, wenn mÃ¶glich mich mit ihnen treffen","Nein","Nein, es fÃ¤llt mir leicht neue Beziehungen zu Menschen aufzubauen","Schule;Arbeit, Reisen","Ja","Tinder;Instagram","Viele unterschiedliche Menschen (= gute Chance, jemanden zu finden, der/die zu einem passt. Ausserdem war der Prozess (Aufsetzen des Profils, Menschen suchen/finden) einfach und intuitiv.","Menschen kÃ¶nnen lÃ¼gen / unehrlich sein. Und alles ist natÃ¼rlich immer sehr oberflÃ¤chlich.","Ja","Ich finde es spannend, neue Leute kennenzulernen;Vielleicht ist jemand dabei, mit dem ich mich gut verstehe.","Ich habe sowas noch nie gemacht, hÃ¤tte darum wahrscheinlich keine allzu grossen Erwartungen. Was optimal wÃ¤re, wÃ¤re natÃ¼rlich, wenn Menschen zu diesem Abend eingeladen werden, die zu einem selbst passen und die gleichen Erwartungen (Beziehungssuche, Freund:innen-Suche etc.) an diesen Abend haben. Menschen, bei denen also die Chancen gut stehen, dass man sich mit ihnen versteht (evtl. mittels AbklÃ¤ren der persÃ¶nlich wichtigen Werte etc. im Voraus).","","","Ja"
"2022/04/20 8:59:15 AM OEZ","15â€“24 Jahre alt","MÃ¤nnlich","Bei meinen Eltern","Sehr hÃ¤ufig","Durch die Pandemie bin ich viel Ã¶fter zuhause, weil ich faul geworden bin","keine","Ja","Ja, ich habe schon seit mehreren Jahren keine neuen Freundschaften mehr geschlossen","Schule;Private AnlÃ¤sse (Geburtstage, â€¦);Online (Tinder, Instagram, â€¦)","Ja","Tinder;Instagram","","","Nein","","","","Ich habe Angst nicht reinzupassen;Ich weiss nicht, Ã¼ber was wir reden kÃ¶nnten","Ja"
"2022/04/20 9:01:00 AM OEZ","25â€“34 Jahre alt","Weiblich","Wohngemeinschaft (mit Freund:innen, Partner:in, Bekannten...)","Manchmal","Langeweile","BeschÃ¤ftigung; SpaziergÃ¤nge, Musik, TV, ein gutes Buch, Freunde treffen","Nein","Nein, es fÃ¤llt mir leicht neue Beziehungen zu Menschen aufzubauen","Schule;Private AnlÃ¤sse (Geburtstage, â€¦);Online (Tinder, Instagram, â€¦)","Ja","Bumble;Tinder","Je nach Radius-Einstellung des Apps kann man Leute auch von weiter weg kennenlernen","Online ist mir zu oberflÃ¤chlich","Ja","Vielleicht ist jemand dabei, mit dem ich mich gut verstehe.","Neue Menschen kennenlernen, spannende GesprÃ¤che, Unterhaltung","","","Ja"
"2022/04/20 9:01:23 AM OEZ","35â€“49 Jahre alt","Weiblich","Wohngemeinschaft (mit Freund:innen, Partner:in, Bekannten...)","Nie","","","","","","","","","","Ja","Vielleicht ist jemand dabei, mit dem ich mich gut verstehe.","Ich hÃ¤tte keine Erwartungen","","","Ja"
"2022/04/20 9:14:30 AM OEZ","25â€“34 Jahre alt","Weiblich","Wohngemeinschaft (mit Freund:innen, Partner:in, Bekannten...)","Sehr hÃ¤ufig","Social Anxiety","keine Strategien","Ja","Ja, ich habe schon seit mehreren Jahren keine neuen Freundschaften mehr geschlossen","Schule;Im Alltag (Ã–V, â€¦)","Nein","","","","Ja","Vielleicht ist jemand dabei, mit dem ich mich gut verstehe.","","","","Ja"
"2022/04/20 9:16:27 AM OEZ","35â€“49 Jahre alt","Weiblich","Wohngemeinschaft (mit Freund:innen, Partner:in, Bekannten...)","Manchmal","Langeweile, wenn ich mich austauschen will und mal keiner da ist. ","Ich beschÃ¤ftige mich oder ruf jemanden an. ","Ja","Ja, ich habe schon seit mehreren Jahren keine neuen Freundschaften mehr geschlossen","Schule;Private AnlÃ¤sse (Geburtstage, â€¦);Im Alltag (Ã–V, â€¦);Nachnarn die Weggezogen sind aber die Freundschaft blieb","Nein","","","","Nein","","","","DafÃ¼r gebe ich kein Geld aus;fÃ¤nde es komisch. so im sinne von ich bin nicht fÃ¤hig sonst menschen kennen zu lernen und hÃ¤tte schiss das es komische menschen sind die da dann am tisch hocken","Ja"
"2022/04/20 9:17:37 AM OEZ","35â€“49 Jahre alt","Weiblich","Wohngemeinschaft (mit Freund:innen, Partner:in, Bekannten...)","Manchmal","","Meine Freunde anrufen","Nein","Nein, es fÃ¤llt mir leicht neue Beziehungen zu Menschen aufzubauen","Schule;Private AnlÃ¤sse (Geburtstage, â€¦);Ãœber andere Freunde","Nein","","","","Ja","Ich finde es spannend, neue Leute kennenzulernen","Interessante Unterhaltungen, vielleicht gemeinsame Interessen finden","","","Ja"
"2022/04/20 9:18:55 AM OEZ","35â€“49 Jahre alt","MÃ¤nnlich","Alleine in einer Wohnung/in einem Haus","Nie","","","","","","","","","","Ja","Ich finde es spannend, neue Leute kennenzulernen;Vielleicht ist jemand dabei, mit dem ich mich gut verstehe.","","","","Ja"
"2022/04/20 9:30:10 AM OEZ","35â€“49 Jahre alt","Weiblich","Wohngemeinschaft (mit Freund:innen, Partner:in, Bekannten...)","Manchmal","Psychische Gesundheit: wenn ich mein GlÃ¼ck von anderen Menschen abhÃ¤ngig mache, was immer dann passiert, wenn ich mich unsicher oder unverstanden fÃ¼hle und wenig Selbstbewusstsein habe.","Aus der Gedankenspirale versuchen herauszukommen, und nicht mehr zu Ã¼berlegen, was andere von mir oder meinem Verhalten denken.","Nein","Nein, es fÃ¤llt mir leicht neue Beziehungen zu Menschen aufzubauen","Private AnlÃ¤sse (Geburtstage, â€¦)","Nein","","","","Ja","Ich finde es spannend, neue Leute kennenzulernen;Vielleicht ist jemand dabei, mit dem ich mich gut verstehe.","PersÃ¶nliches Wachstum: Die Erfahrung zu machen, sich auf neue PersÃ¶nlichkeiten einzulassen und zu lernen die individuellen Eigenheiten jeder Person anzunehmen und schÃ¤tzen zu lernen, anstatt zu verurteilen.","","","Ja"
"2022/04/20 9:35:50 AM OEZ","50â€“64 Jahre alt","MÃ¤nnlich","Wohngemeinschaft (mit Freund:innen, Partner:in, Bekannten...)","Nie","","","","","","","","","","Ja","Ich finde es spannend, neue Leute kennenzulernen","Interessante EindrÃ¼cke von noch unbekannten Menschen erhalten, andere Lebensmuster und WerdegÃ¤nge kennenlernen.","","","Ja"
"2022/04/20 9:38:01 AM OEZ","35â€“49 Jahre alt","MÃ¤nnlich","Alleine in einer Wohnung/in einem Haus","Nie","","","","","","","","","","Nein","","","","Ich habe kein BedÃ¼rfnis, neue Leute kennenzulernen","Ja"
"2022/04/20 10:17:50 AM OEZ","35â€“49 Jahre alt","MÃ¤nnlich","Wohngemeinschaft (mit Freund:innen, Partner:in, Bekannten...)","Nie","","","","","","","","","","Ja","Ich finde es spannend, neue Leute kennenzulernen","Spannende GesprÃ¤che, neue Bekanntschaften","","","Ja"
"2022/04/20 10:26:34 AM OEZ","35â€“49 Jahre alt","MÃ¤nnlich","Wohngemeinschaft (mit Freund:innen, Partner:in, Bekannten...)","Nie","","","","","","","","","","Nein","","","","Ich habe kein BedÃ¼rfnis, neue Leute kennenzulernen","Ja"
"2022/04/20 10:38:37 AM OEZ","35â€“49 Jahre alt","MÃ¤nnlich","Alleine in einer Wohnung/in einem Haus","Sehr hÃ¤ufig","Borderline PersÃ¶nlichkeitsstÃ¶rung / Post Traumatische BelastungsstÃ¶rung ","DBT","Ja","Ja, ich habe schon seit mehreren Jahren keine neuen Freundschaften mehr geschlossen","Online (Tinder, Instagram, â€¦);Verantstaltungen (Konzerte, )","Ja","Bumble;Tinder;Pantook, OKc","Freundin kennengelernt (okc) ","Freunde finden online eher schwierig, weil viele keine intensiven Freundschaften suchen (bzw. Man nicht ge au weiss was sie suchen, ausser bei pantook, da ist aber die nutzerbasis zu klein). ","Nein","","","","Ich habe Angst nicht reinzupassen;Ich weiss nicht, Ã¼ber was wir reden kÃ¶nnten;Introvertiert ","Ja"
"2022/04/20 11:14:59 AM OEZ","35â€“49 Jahre alt","Weiblich","Alleine in einer Wohnung/in einem Haus","Manchmal","Durch den Beruf sehr wenig Zeit und Energie fÃ¼r private Treffen + viele Freunde wohnen weit entfernt. ","Podcasts und Putzen ","Ja","Nein, es fÃ¤llt mir leicht neue Beziehungen zu Menschen aufzubauen","Schule;Online (Tinder, Instagram, â€¦);Im Alltag (Ã–V, â€¦)","Ja","Tinder;Facebook;Instagram;Okcupid ","","","Ja","Ich finde es spannend, neue Leute kennenzulernen;Vielleicht ist jemand dabei, mit dem ich mich gut verstehe.;Ich gehe gerne essen und so mÃ¼sste ich nicht alleine Essen.","","","","Ja"
"2022/04/20 12:05:51 PM OEZ","35â€“49 Jahre alt","Weiblich","Wohngemeinschaft (mit Freund:innen, Partner:in, Bekannten...)","Manchmal","Geographische Distanz und meine UnfÃ¤higkeit, BedÃ¼rfnisse fÃ¼r NÃ¤he zu kommunizieren","Ablenkung je nach situativem BedÃ¼rfnis (Lesen, TV, Calls, Sport)","Ja","Ja, ich habe schon seit mehreren Jahren keine neuen Freundschaften mehr geschlossen","Schule;Private AnlÃ¤sse (Geburtstage, â€¦);Arbeit","Ja","Tinder","Einfache MÃ¶glichkeit fÃ¼r die Partnersuche fÃ¼r v.a. introvertierte Personen","sehr oberflÃ¤chlich; Unterschiede zwischen virtueller und realer Person waren immer zu gross","Ja","Ich finde es spannend, neue Leute kennenzulernen;Vielleicht ist jemand dabei, mit dem ich mich gut verstehe.;Ich gehe gerne essen und so mÃ¼sste ich nicht alleine Essen.","Gute Unterhaltung, Essen ;) , ggf. neue Bekanntschaften (das ist aber nicht zwingend, um den Abend als Erfolg anzusehen)","","","Ja"
"2022/04/20 12:28:16 PM OEZ","35â€“49 Jahre alt","Weiblich","Wohngemeinschaft (mit Freund:innen, Partner:in, Bekannten...)","Manchmal","EingeschrÃ¤nkte MÃ¶glichkeiten durch Mutterschaft ","Telefonieren, Ablenkung (Buch, Film)","Ja","Ja, ich habe schon seit mehreren Jahren keine neuen Freundschaften mehr geschlossen","Schule;Private AnlÃ¤sse (Geburtstage, â€¦);Durch Freunde","Nein","","","","Ja","Ich finde es spannend, neue Leute kennenzulernen;Vielleicht ist jemand dabei, mit dem ich mich gut verstehe.","Neue Leute kennenlernen, frischer Wind und Abwechslung","Ja, wenns harmoniert.","","Ja"
"2022/04/20 1:28:42 PM OEZ","25â€“34 Jahre alt","Weiblich","Alleine in einer Wohnung/in einem Haus","Manchmal","Gesellschaftlich vorgegebene  Familienfeier wie Weihnachten, Ostern etc.","Freunde statt Familie","Nein","Nein, es fÃ¤llt mir leicht neue Beziehungen zu Menschen aufzubauen","Schule;Private AnlÃ¤sse (Geburtstage, â€¦);Online (Tinder, Instagram, â€¦);Im Alltag (Ã–V, â€¦);Verantstaltungen (Konzerte, )","Ja","Tinder","Interessant neue Menschen Digital kennenzulernen, schauen ob man sie richtig einschÃ¤tzt und liest. Das geht in real ja etwas einfacher.","Eigentlich nichts ausser dass man da wohl sehr OberflÃ¤chlich ist.","Ja","Ich finde es spannend, neue Leute kennenzulernen","Spannende neue Geschichten von Menschen mit welchen ich mich sonst vielleicht nicht unterhalten hÃ¤tte. Spannend mal in andere GÃ¤rtchen und Lebensstile reinzustÃ¶bern.","Keine Ahnung","","Ja"
"2022/04/20 4:09:43 PM OEZ","15â€“24 Jahre alt","Weiblich","Bei meinen Eltern","Manchmal","nicht geschÃ¤tzt zu werden, Ã¤nderungen im freundeskreis, mangel seine geliebten zu sehen","ablenkung durch musik,lesen und filme/ serien schauen","Nein","kommt sehr darauf an","Schule;Private AnlÃ¤sse (Geburtstage, â€¦)","Ja","Bumble;Tinder;Instagram","ja ich habe meinen freund Ã¼ber bumble kennen gelernt","sehr oberflÃ¤chlich","Ja","Ich finde es spannend, neue Leute kennenzulernen;Vielleicht ist jemand dabei, mit dem ich mich gut verstehe.","spass","Ja, wenns harmoniert.","","Ja"
"2022/04/20 4:38:37 PM OEZ","25â€“34 Jahre alt","MÃ¤nnlich","Wohngemeinschaft (mit Freund:innen, Partner:in, Bekannten...)","Nie","","","","","","","","","","Ja","Vielleicht ist jemand dabei, mit dem ich mich gut verstehe.","","Ja, wenns harmoniert.","","Ja"
"2022/04/20 4:57:10 PM OEZ","35â€“49 Jahre alt","Weiblich","Wohngemeinschaft (mit Freund:innen, Partner:in, Bekannten...)","Nie","","","","","","","","","","Ja","Falls ich alleine wÃ¤re oder zu wenig Freunde hÃ¤tte wÃ¼rde ich das tun.","Am besten nichts ;)","Ja, wenns harmoniert.","","Ja"
"2022/04/21 7:40:03 AM OEZ","25â€“34 Jahre alt","MÃ¤nnlich","Wohngemeinschaft (mit Freund:innen, Partner:in, Bekannten...)","Nie","","","","","","","","","","Nein","","","","Ich habe kein BedÃ¼rfnis, neue Leute kennenzulernen","Ja"
"2022/04/22 12:02:57 PM OEZ","50â€“64 Jahre alt","Weiblich","Alleine in einer Wohnung/in einem Haus","HÃ¤ufig","Ich lebe seit einem Jahr getrennt von meiner Familie und bin mittlerweile geschieden","Ich kontaktire jemanden und frage, ob wir uns fÃ¼r einen Spaziergang treffen kÃ¶nnen oder mache mich alleine auf den Weg die Natur zu erkunden","Ja","Ja, ich habe schon seit mehreren Jahren keine neuen Freundschaften mehr geschlossen","Private AnlÃ¤sse (Geburtstage, â€¦)","Nein","","","","Nein","","","","Ich habe Angst nicht reinzupassen;Ich weiss nicht, Ã¼ber was wir reden kÃ¶nnten","Ja"